Workbook
Name 결제방법: 드롭다운!$B$3:$B$6
Name 교통비: 드롭다운!$D$3:$D$9
Name 구분: 드롭다운!$C$3:$C$8
Name 기타경비: 드롭다운!$G$3:$G$9
Name 숙박비: 드롭다운!$E$3
Name 식비: 드롭다운!$F$3:$F$5
Name 업무추진비: 드롭다운!$H$3
Name 활동비: 드롭다운!$I$3

Sheet 정산내역
B2: 출장 정산내역서
B4: 1. 출장개요
B5: 출장명
B6: 출장자
B7: 출장기간
B8: 출장지역/국가
B10: 2. 일반 사용 내역 | G10: (단위 : 원)
B11: 교통비 | C11: 숙박비 | D11: 식비 | E11: 기타경비 | F11: 업무추진비 | G11: 활동비
B12: =세부내역!O11 | C12: =세부내역!P11 | D12: =세부내역!Q11 | E12: =세부내역!R11 | F12: =세부내역!S11 | G12: =세부내역!T11
B14: 3. 외화선급금 사용 내역 (해당 시) | G14: (단위 : 표 참조)
B15: 구분(화폐단위) | C15: 선급금 | D15: 사용금액 | E15: 잔액 | F15: 비고
E16: =C16-D16
E17: =C17-D17
E18: =C18-D18 -> 0
B20: 4. 개인 카드·현금 사용 내역 (해당 시) | G20: (단위 : 원)
B21: 번호 | C21: 정산자 | D21: 정산금 | E21: * 개인 카드/현금은 예외적으로만 사용함. 사유, 증빙이 명확하지 않을 경우 불인정함. * 환율을 반영하여, 개인별 총 합계만 작성 * 정산자가 추가 될 경우, 행을 추가함.
B27: 5. 비고

Sheet 세부내역
J4: * 국외출장 카드/현금 모두 J:K열은 작성 | N4: ▼ 국외출장 - 현금만 작성
N5: 환율기준표 | O5: [링크] 서울외국환중개-환율조회
B6: (현지)결제일자 | C6: 증빙번호 | D6: 결제방법 | E6: 카드번호 (해당시) | F6: 구분 | G6: 항목 | H6: 사용 목적 (개인 카드·현금 사용 사유) | I6: 거래처/가맹점명 | J6: 외화구분 (해당시) | K6: 현지금액 (해당시) | L6: 결제금액 (원) | N6: 출국일자 | O6: 출국일 환율 (또는 외화환전영수증)
O7: 외화구분
O8: 환율
T9: (단위 : 원)
N10: 총 합계 | O10: 교통비 | P10: 숙박비 | Q10: 식비 | R10: 기타경비 | S10: 업무추진비 | T10: 활동비
N11: =SUM(O11:T11) | O11: =SUMIF(정산표[구분],O10,정산표[결제금액 (원)]) | P11: =SUMIF(정산표[구분],P10,정산표[결제금액 (원)]) | Q11: =SUMIF(정산표[구분],Q10,정산표[결제금액 (원)]) | R11: =SUMIF(정산표[구분],R10,정산표[결제금액 (원)]) | S11: =SUMIF(정산표[구분],S10,정산표[결제금액 (원)]) | T11: =SUMIF(정산표[구분],T10,정산표[결제금액 (원)])
L24: =정산표[[#This Row],[현지금액 (해당시)]]*$P$8 -> 867.8747
L25: =정산표[[#This Row],[현지금액 (해당시)]]*$P$8 -> 85751.82
L26: =정산표[[#This Row],[현지금액 (해당시)]]*$P$8 -> 15534.75
L27: =정산표[[#This Row],[현지금액 (해당시)]]*$P$8 -> 8535.8273
L28: =정산표[[#This Row],[현지금액 (해당시)]]*$P$8 -> 9289.7805
L29: =정산표[[#This Row],[현지금액 (해당시)]]*$P$8 -> 7933.079
L30: =정산표[[#This Row],[현지금액 (해당시)]]*$P$8 -> 8604.1802
L31: =정산표[[#This Row],[현지금액 (해당시)]]*$P$8 -> 108165.36
L32: =정산표[[#This Row],[현지금액 (해당시)]]*$P$8 -> 38215.485
L33: =정산표[[#This Row],[현지금액 (해당시)]]*$P$8 -> 37283.4
L34: =정산표[[#This Row],[현지금액 (해당시)]]*$P$8 -> 93979.024
L35: =정산표[[#This Row],[현지금액 (해당시)]]*$P$8 -> 145073.85
... L55: =정산표[[#This Row],[현지금액 (해당시)]]*$P$8 -> 10356.5
L63: =정산표[[#This Row],[현지금액 (해당시)]]*P8 -> 662816

Sheet (예시)세부내역
C2: <작성 가이드> * 흰색 칸만 입력해주세요! * 수식은 절대 변경하지 마십시오. | P2: 환율기준표 | Q2: [링크] 서울외국환중개-환율조회
P3: 출국일자 | Q3: 출국일 환율 (또는 외화환전영수증)
O4: 예시) | P4: 45842 | Q4: 통화 구분 | R4: SGD
K5: * 국외출장 | O5: 예시) | Q5: 환율 | R5: 1065.18
C6: (현지)결제일자 | D6: 증빙번호 | E6: 결제방법 | F6: 카드번호 (해당시) | G6: 구분 | H6: 항목 | I6: 사용 목적 (개인 카드·현금 사용 사유) | J6: 거래처/가맹점명 | K6: 외화 (해당시) | L6: 현지금액 (해당시) | M6: 결제금액 (원) | V6: (단위 : 원)
B7: 예시) | C7: 45843 | E7: 카드 | F7: 3338 | G7: 교통비 | H7: 택시 | I7: 숙소 → ***사 이동 | J7: Grab | L7: 13.18 | M7: 14641 | P7: 총 합계 | Q7: 교통비 | R7: 숙박비 | S7: 식비 | T7: 기타경비 | U7: 업무추진비 | V7: 활동비
B8: 예시) | C8: 45844 | E8: 현금 | G8: 업무추진비 | H8: 업무추진비 | I8: ***사 접대 | J8: Den Glade Gris | K8: SGD | L8: 143.99 | M8: =정산표_6[[#This Row],[현지금액 (해당시)]]*R5 -> 153375.27 | P8: =SUM(Q8:V8) -> 11796156 | Q8: =SUMIF(정산표[구분],Q7,정산표[결제금액 (원)]) -> 3928279.4 | R8: =SUMIF(정산표[구분],R7,정산표[결제금액 (원)]) -> 5288156 | S8: =SUMIF(정산표[구분],S7,정산표[결제금액 (원)]) -> 1343726.9 | T8: =SUMIF(정산표[구분],T7,정산표[결제금액 (원)]) -> 1059136 | U8: =SUMIF(정산표[구분],U7,정산표[결제금액 (원)]) -> 117090.59 | V8: =SUMIF(정산표[구분],V7,정산표[결제금액 (원)]) -> 59767.361

Sheet (가이드)영수증

Sheet 드롭다운
B2: 결제방법 | C2: 구분 | D2: 교통비 | E2: 숙박비 | F2: 식비 | G2: 기타경비 | H2: 업무추진비 | I2: 활동비
B3: 카드 | C3: 교통비 | D3: 항공·선박 | E3: 숙박비 | F3: 조식 | G3: 통신비 | H3: 업무추진비 | I3: 팀 활동비
B4: 현금 | C4: 숙박비 | D4: 택시 | F4: 중식 | G4: 보험료
B5: 개인-카드 | C5: 식비 | D5: 기차·전철 | F5: 석식 | G5: 여행사수수료
B6: 개인-현금 | C6: 기타경비 | D6: 렌트·콜밴·픽업샌딩 | G6: 비자발급
C7: 업무추진비 | D7: 버스·공항리무진 | G7: 예방접종
C8: 활동비 | D8: 주유비·통행료·주차비 | G8: (선박) 잡자재·재료비
D9: 기타 교통수단
