Workbook
Name 결제방법: 드롭다운!$B$3:$B$6
Name 교통비: 드롭다운!$D$3:$D$9
Name 구분: 드롭다운!$C$3:$C$8
Name 기타경비: 드롭다운!$G$3:$G$9
Name 숙박비: 드롭다운!$E$3
Name 식비: 드롭다운!$F$3:$F$5
Name 업무추진비: 드롭다운!$H$3
Name 활동비: 드롭다운!$I$3

Sheet 정산내역
B2: 외근 정산내역서
B4: 1. 외근개요
B5: 외근 목적
B6: 외근 일자
B7: 복명자
B8: 외근지
B10: 2. 일반 사용 내역 | G10: (단위 : 원)
B11: 교통비 | C11: 숙박비 | D11: 식비 | E11: 기타경비 | F11: 업무추진비 | G11: 활동비
B12: =세부내역!M8 | C12: =세부내역!N8 | D12: =세부내역!O8 | E12: =세부내역!P8 | F12: =세부내역!Q8 | G12: =세부내역!R8
B14: 3. 선급금 사용 내역 (해당 시) | G14: (단위 : 표 참조)
B15: 구분(화폐단위) | C15: 선급금 | D15: 사용금액 | E15: 잔액 | F15: 비고
E16: =C16-D16
E17: =C17-D17
E18: =C18-D18 -> 0
B20: 4. 개인 카드·현금 사용 내역 (해당 시) | G20: (단위 : 원)
B21: 번호 | C21: 정산자 | D21: 정산금 | E21: * 개인 카드/현금은 예외적으로만 사용함. 사유, 증빙이 명확하지 않을 경우 불인정함. * 환율을 반영하여, 개인별 총 합계만 작성 * 정산자가 추가 될 경우, 행을 추가함.

Sheet 세부내역
B3: (현지)결제일자 | C3: 증빙번호 | D3: 결제방법 | E3: 카드번호 (해당시) | F3: 구분 | G3: 항목 | H3: 사용 목적 (개인 카드·현금 사용 사유) | I3: 거래처/가맹점명 | J3: 결제금액 (원)
L7: 총 합계 | M7: 교통비 | N7: 숙박비 | O7: 식비 | P7: 기타경비 | Q7: 업무추진비 | R7: 활동비
L8: =SUM(M8:R8) -> 7900 | M8: =SUMIF(정산표[구분],M7,정산표[결제금액 (원)]) -> 7900 | N8: =SUMIF(정산표[구분],N7,정산표[결제금액 (원)]) -> 0 | O8: =SUMIF(정산표[구분],O7,정산표[결제금액 (원)]) -> 0 | P8: =SUMIF(정산표[구분],P7,정산표[결제금액 (원)]) -> 0 | Q8: =SUMIF(정산표[구분],Q7,정산표[결제금액 (원)]) -> 0 | R8: =SUMIF(정산표[구분],R7,정산표[결제금액 (원)]) -> 0

Sheet (예시)세부내역
C2: <작성 가이드> * 흰색 칸만 입력해주세요! * 수식은 절대 변경하지 마십시오.
C6: (현지)결제일자 | D6: 증빙번호 | E6: 결제방법 | F6: 카드번호 (해당시) | G6: 구분 | H6: 항목 | I6: 사용 목적 (개인 카드·현금 사용 사유) | J6: 거래처/가맹점명 | S6: (단위 : 원)
B7: 예시) | C7: 45843 | E7: 카드 | F7: 3338 | G7: 교통비 | H7: 택시 | I7: 숙소 → ***사 이동 | J7: 택시 | M7: 총 합계 | N7: 교통비 | O7: 숙박비 | P7: 식비 | Q7: 기타경비 | R7: 업무추진비 | S7: 활동비
B8: 예시) | C8: 45844 | E8: 현금 | G8: 업무추진비 | H8: 업무추진비 | I8: ***사 접대 | J8: 스타벅스 | M8: =SUM(N8:S8) -> 7900 | N8: =SUMIF(정산표[구분],N7,정산표[결제금액 (원)]) -> 7900 | O8: =SUMIF(정산표[구분],O7,정산표[결제금액 (원)]) -> 0 | P8: =SUMIF(정산표[구분],P7,정산표[결제금액 (원)]) -> 0 | Q8: =SUMIF(정산표[구분],Q7,정산표[결제금액 (원)]) -> 0 | R8: =SUMIF(정산표[구분],R7,정산표[결제금액 (원)]) -> 0 | S8: =SUMIF(정산표[구분],S7,정산표[결제금액 (원)]) -> 0

Sheet (가이드)영수증

Sheet 드롭다운
B2: 결제방법 | C2: 구분 | D2: 교통비 | E2: 숙박비 | F2: 식비 | G2: 기타경비 | H2: 업무추진비 | I2: 활동비
B3: 카드 | C3: 교통비 | D3: 항공·선박 | E3: 숙박비 | F3: 조식 | G3: 통신비 | H3: 업무추진비 | I3: 팀 활동비
B4: 현금 | C4: 숙박비 | D4: 택시 | F4: 중식 | G4: 보험료
B5: 개인-카드 | C5: 식비 | D5: 기차·전철 | F5: 석식 | G5: 여행사수수료
B6: 개인-현금 | C6: 기타경비 | D6: 렌트·콜밴·픽업샌딩 | G6: 비자발급
C7: 업무추진비 | D7: 버스·공항리무진 | G7: 예방접종
C8: 활동비 | D8: 주유비·통행료·주차비 | G8: (선박) 잡자재·재료비
D9: 기타 교통수단
